app,positiveCount,negativeCount,aggregatedAverage,positiveProportion,negativeProportion
codeacademy,0,0,0,,
datacamp,306,34,0.8,0.9,0.1
learn-python-programiz,18,1,0.894736842105263,0.947368421052632,0.0526315789473685
mimo,6180,1038,0.71238570241064,0.85619285120532,0.14380714879468
programming-hero,161,23,0.75,0.875,0.125
programming-hub,1002,186,0.686868686868687,0.843434343434343,0.156565656565657
sololearn,23386,1446,0.883537371134021,0.94176868556701,0.0582313144329897
